Month,Category,Season,Price,Competitor_Price,Tech_Score,Social_Hype,Prev_Sales,Ad_Spend,Sales_Qty
1,Fashion,Winter,328.09,370.54,67,10,453,2993.29,790
1,Home_IoT,Winter,358.96,290.49,56,15,260,4849.55,637
1,Smartphone,Winter,287.13,253.2,52,62,362,917.02,852
1,Home_IoT,Winter,68.75,73.93,31,14,266,697.47,1181
1,Smartphone,Winter,159.38,160.21,46,45,399,3925.88,1045
1,Home_IoT,Winter,162.78,174.73,38,85,475,852.62,1079
1,Laptop,Winter,235.42,260.82,50,67,401,2200.76,952
1,Laptop,Winter,261.13,245.53,44,69,243,2600.34,769
1,Home_IoT,Winter,209.84,259.43,40,62,450,3875.66,939
1,Fashion,Winter,304.22,296.59,62,19,267,1356.75,714
1,Home_IoT,Winter,317.86,294.47,53,64,449,2713.48,885
1,Smartphone,Winter,236.15,189.51,54,47,296,4077.31,891
1,Fashion,Winter,421.56,483.56,75,92,141,370.22,794
1,Home_IoT,Winter,291.56,276.66,55,84,215,317.79,863
1,Home_IoT,Winter,155.19,175.1,43,14,308,3187.79,879
1,Laptop,Winter,393.08,449.04,75,38,231,2806.39,727
1,Fashion,Winter,373.23,386.38,59,43,483,2137.71,815
1,Laptop,Winter,279.59,337.86,55,77,250,1246.46,830
1,Smartphone,Winter,384.09,346.82,82,31,434,384.9,830
1,Fashion,Winter,305.77,355.2,52,82,366,932.85,894
1,Fashion,Winter,353.43,411.16,61,95,440,4480.46,970
1,Smartphone,Winter,255.39,298.32,55,30,411,4303.65,830
1,Laptop,Winter,288.27,284.76,60,60,113,1110.54,766
1,Home_IoT,Winter,226.94,234.53,47,93,206,3515.09,935
1,Fashion,Winter,311.28,383.84,63,4,411,1258.91,705
1,Fashion,Winter,298.01,245.31,59,88,195,1393.23,929
1,Smartphone,Winter,300.08,259.63,57,74,149,2447.26,827
1,Smartphone,Winter,394.55,380.94,71,91,293,3161.53,891
1,Laptop,Winter,449.52,377.88,68,75,236,4176.51,759
1,Laptop,Winter,259.98,287.25,51,67,73,82.94,714
1,Laptop,Winter,183.43,200.0,36,22,436,871.83,775
1,Laptop,Winter,375.84,457.06,83,54,323,4386.7,892
1,Fashion,Winter,298.46,348.53,72,58,265,2776.0,886
1,Smartphone,Winter,322.99,307.67,62,48,177,1746.05,756
1,Smartphone,Winter,349.85,419.54,67,66,130,3899.38,765
1,Smartphone,Winter,329.65,264.47,63,40,198,804.04,703
1,Smartphone,Winter,458.69,501.52,87,17,88,1121.35,575
1,Smartphone,Winter,412.93,451.06,71,35,213,4246.12,672
1,Home_IoT,Winter,454.84,383.05,72,80,461,1838.58,894
1,Smartphone,Winter,231.14,277.7,47,22,480,3155.69,850
1,Fashion,Winter,372.68,394.89,60,44,456,2462.59,822
1,Laptop,Winter,181.46,221.96,47,85,209,4769.64,1021
1,Laptop,Winter,315.7,254.76,56,32,156,4641.59,672
1,Fashion,Winter,247.66,292.98,58,86,284,1584.61,961
1,Smartphone,Winter,252.71,308.63,63,57,87,3480.15,826
1,Fashion,Winter,312.91,373.87,62,3,164,3703.84,596
1,Smartphone,Winter,432.69,416.15,76,24,398,1467.96,755
1,Laptop,Winter,360.75,418.19,67,51,484,3249.82,974
1,Fashion,Winter,402.57,483.29,74,100,178,1689.98,865
1,Laptop,Winter,255.73,258.16,56,13,263,2713.22,739
2,Home_IoT,Winter,269.36,219.18,70,88,152,186.74,952
2,Smartphone,Winter,383.21,439.35,76,72,293,1079.11,857
2,Smartphone,Winter,255.82,210.61,49,100,158,2656.77,933
2,Fashion,Winter,243.74,282.21,69,24,180,1354.16,854
2,Home_IoT,Winter,234.26,190.08,48,31,179,4813.24,737
2,Laptop,Winter,299.99,261.11,72,54,387,1251.21,950
2,Laptop,Winter,450.25,493.96,86,29,494,1399.67,880
2,Home_IoT,Winter,299.03,287.12,75,82,293,3789.23,1016
2,Smartphone,Winter,368.73,373.66,66,29,254,489.17,619
2,Laptop,Winter,207.37,203.08,44,34,479,3079.25,871
2,Home_IoT,Winter,271.54,263.01,53,99,117,3129.3,899
2,Laptop,Winter,250.92,208.7,60,86,255,3212.1,1003
2,Fashion,Winter,285.73,349.48,61,71,184,2877.37,893
2,Smartphone,Winter,311.65,381.35,41,90,310,1930.51,774
2,Fashion,Winter,288.87,240.35,64,8,285,1594.88,721
2,Smartphone,Winter,377.85,409.22,72,68,453,4387.36,931
2,Home_IoT,Winter,391.48,362.87,72,54,236,887.2,780
2,Home_IoT,Winter,343.95,332.74,69,48,300,3882.06,830
2,Home_IoT,Winter,329.89,391.34,68,62,142,2144.97,812
2,Smartphone,Winter,425.27,401.46,72,4,112,4477.62,541
2,Home_IoT,Winter,313.49,384.89,64,57,97,2867.19,741
2,Laptop,Winter,404.7,446.24,91,81,335,3761.87,968
2,Smartphone,Winter,376.42,316.59,69,61,315,2472.1,836
2,Fashion,Winter,293.76,281.4,49,81,227,585.34,800
2,Fashion,Winter,301.81,325.41,66,34,391,505.61,852
2,Laptop,Winter,236.45,198.19,52,70,125,4933.2,852
2,Laptop,Winter,119.63,139.46,38,72,434,4736.24,1188
2,Laptop,Winter,295.55,292.86,56,84,120,4531.77,854
2,Fashion,Winter,244.87,197.15,59,84,255,2343.3,995
2,Laptop,Winter,260.97,321.77,47,21,252,1874.35,705
2,Laptop,Winter,329.94,297.15,70,77,204,4816.11,896
2,Fashion,Winter,304.88,376.89,60,67,71,2615.49,743
2,Smartphone,Winter,452.96,455.02,81,64,287,3137.79,841
2,Fashion,Winter,419.49,387.95,62,71,171,940.61,696
2,Home_IoT,Winter,113.71,120.83,28,34,124,388.67,772
2,Fashion,Winter,487.52,540.24,88,67,271,813.08,802
2,Smartphone,Winter,291.57,355.64,40,2,455,4330.32,665
2,Home_IoT,Winter,174.34,215.56,52,96,495,4210.59,1292
2,Laptop,Winter,351.89,347.2,58,85,448,1367.04,930
2,Fashion,Winter,277.5,278.26,60,4,165,645.8,654
2,Fashion,Winter,330.72,298.6,61,91,253,3358.5,868
2,Home_IoT,Winter,411.62,425.67,79,61,430,3861.59,899
2,Smartphone,Winter,388.38,407.16,77,36,74,2804.69,665
2,Smartphone,Winter,402.27,449.27,74,56,154,1064.82,759
2,Laptop,Winter,287.06,280.32,75,91,261,2187.37,1047
2,Laptop,Winter,425.12,415.96,70,62,401,3110.43,847
2,Laptop,Winter,167.22,168.33,34,78,77,4900.16,772
2,Home_IoT,Winter,224.78,187.5,58,6,154,644.4,739
2,Fashion,Winter,278.01,245.16,65,49,475,1728.34,975
2,Fashion,Winter,320.71,284.32,74,93,241,204.34,974
3,Home_IoT,Spring,220.36,193.84,52,50,314,443.51,887
3,Home_IoT,Spring,192.32,197.42,44,10,128,3451.97,659
3,Laptop,Spring,255.7,305.08,49,57,350,4604.36,861
3,Laptop,Spring,310.71,274.37,56,15,203,1046.75,641
3,Laptop,Spring,159.9,172.41,55,2,194,1844.57,949
3,Smartphone,Spring,308.83,318.17,56,47,62,2660.57,669
3,Fashion,Spring,242.22,251.83,58,94,478,1212.35,1105
3,Fashion,Spring,157.67,134.63,38,98,171,4452.64,973
3,Fashion,Spring,469.08,541.85,85,56,223,2492.21,771
3,Home_IoT,Spring,311.16,309.37,47,30,238,637.9,636
3,Fashion,Spring,160.86,175.44,46,98,142,2853.89,1038
3,Home_IoT,Spring,307.47,271.79,68,59,242,1425.48,853
3,Smartphone,Spring,258.45,254.49,60,15,142,4911.89,710
3,Laptop,Spring,201.16,176.4,46,76,476,3343.22,1069
3,Home_IoT,Spring,342.57,362.17,61,44,426,1399.9,810
3,Fashion,Spring,301.84,310.42,68,19,324,1212.05,754
3,Fashion,Spring,269.78,250.86,63,51,211,2906.19,853
3,Fashion,Spring,172.41,164.04,41,39,485,672.07,951
3,Fashion,Spring,346.16,316.59,75,26,153,3407.51,729
3,Laptop,Spring,281.42,269.32,81,38,274,4647.65,945
3,Smartphone,Spring,294.8,360.32,65,62,112,906.17,802
3,Smartphone,Spring,343.39,296.31,57,43,246,3976.34,721
3,Home_IoT,Spring,238.37,208.32,52,20,128,4072.87,699
3,Home_IoT,Spring,498.56,486.89,91,18,439,4083.0,765
3,Fashion,Spring,94.6,95.38,29,86,181,1506.89,1085
3,Home_IoT,Spring,441.35,429.32,85,46,298,2717.76,796
3,Home_IoT,Spring,353.54,301.43,63,99,102,4699.16,809
3,Smartphone,Spring,401.92,433.68,77,98,127,2667.31,861
3,Fashion,Spring,322.41,279.93,62,5,107,1558.61,593
3,Laptop,Spring,238.58,272.72,47,4,412,4383.83,736
3,Fashion,Spring,349.5,297.0,75,48,297,4232.26,849
3,Home_IoT,Spring,202.79,183.15,45,69,109,3611.26,844
3,Home_IoT,Spring,432.78,481.37,73,76,128,2713.62,742
3,Home_IoT,Spring,116.06,116.98,41,57,345,4736.42,1214
3,Smartphone,Spring,263.73,271.02,64,14,314,3057.27,816
3,Fashion,Spring,374.05,418.28,70,9,497,762.7,770
3,Fashion,Spring,507.27,502.63,88,22,201,3682.22,625
3,Home_IoT,Spring,292.79,312.14,58,58,95,1995.01,765
3,Home_IoT,Spring,263.66,306.18,57,52,457,23.16,878
3,Fashion,Spring,216.16,206.62,35,57,401,1734.77,821
3,Fashion,Spring,353.45,318.48,54,85,246,2262.2,805
3,Smartphone,Spring,140.16,169.83,55,66,257,1811.97,1235
3,Smartphone,Spring,491.33,395.96,87,63,348,3317.69,842
3,Laptop,Spring,343.67,285.31,43,70,266,3749.8,726
3,Home_IoT,Spring,302.78,270.17,62,38,346,953.44,814
3,Smartphone,Spring,219.36,252.04,51,15,244,2266.44,761
3,Smartphone,Spring,154.58,151.54,20,92,162,2798.2,738
3,Fashion,Spring,199.62,217.55,54,78,149,2043.67,960
3,Smartphone,Spring,433.58,352.15,74,40,408,1109.86,799
3,Fashion,Spring,188.77,206.46,43,27,113,1190.91,723
4,Home_IoT,Spring,261.26,293.92,56,3,108,4278.48,618
4,Home_IoT,Spring,330.95,308.42,77,26,438,4481.68,908
4,Smartphone,Spring,257.44,254.77,64,36,411,4463.36,934
4,Home_IoT,Spring,339.78,362.08,75,49,470,1340.32,917
4,Smartphone,Spring,287.74,301.67,40,52,100,2180.63,615
4,Smartphone,Spring,262.75,312.89,58,23,222,2437.16,757
4,Home_IoT,Spring,312.52,309.82,61,40,396,112.35,811
4,Smartphone,Spring,102.59,88.51,34,57,434,4174.65,1199
4,Fashion,Spring,317.38,278.42,60,32,233,1361.54,716
4,Home_IoT,Spring,245.41,268.27,45,80,59,4148.71,735
4,Home_IoT,Spring,364.13,389.7,63,21,255,3325.18,630
4,Home_IoT,Spring,168.76,147.64,40,35,315,3690.17,869
4,Smartphone,Spring,272.23,247.84,62,27,167,1946.48,727
4,Smartphone,Spring,146.21,154.23,39,43,295,2380.25,958
4,Smartphone,Spring,344.24,388.87,67,43,348,1074.7,800
4,Smartphone,Spring,433.0,411.53,61,95,474,3854.56,934
4,Home_IoT,Spring,383.54,425.65,59,65,433,2174.14,860
4,Home_IoT,Spring,286.62,264.4,51,43,372,2951.15,820
4,Smartphone,Spring,232.62,282.12,49,62,77,684.09,759
4,Smartphone,Spring,353.89,422.13,69,76,78,3661.12,762
4,Smartphone,Spring,394.04,437.99,68,25,439,4245.98,771
4,Fashion,Spring,196.48,173.15,35,85,262,2839.73,875
4,Home_IoT,Spring,267.66,325.47,43,98,141,4855.29,819
4,Laptop,Spring,351.42,331.6,70,22,154,4144.58,675
4,Laptop,Spring,281.89,254.69,61,98,271,602.83,980
4,Home_IoT,Spring,322.79,267.73,52,11,259,1576.45,590
4,Smartphone,Spring,414.83,391.37,81,48,422,3129.46,881
4,Smartphone,Spring,369.11,451.27,73,40,390,3993.92,864
4,Smartphone,Spring,330.47,335.74,52,78,327,3137.53,833
4,Home_IoT,Spring,483.98,439.19,81,51,207,552.37,693
4,Laptop,Spring,149.07,139.13,39,63,406,1168.04,1035
4,Home_IoT,Spring,392.53,352.58,63,44,364,4749.81,749
4,Fashion,Spring,359.3,440.19,74,90,235,2337.01,904
4,Fashion,Spring,333.32,357.81,65,21,212,2563.44,697
4,Laptop,Spring,223.45,200.93,50,69,307,932.19,913
4,Fashion,Spring,456.03,507.66,77,100,262,769.48,873
4,Laptop,Spring,286.65,258.19,51,53,266,2684.87,807
4,Fashion,Spring,399.36,479.21,86,35,417,4778.26,871
4,Smartphone,Spring,336.72,368.66,64,54,166,2754.29,750
4,Smartphone,Spring,171.03,192.5,48,8,52,2479.38,724
4,Smartphone,Spring,271.19,320.83,52,88,500,2475.73,1076
4,Smartphone,Spring,235.53,260.29,52,2,260,2828.66,727
4,Laptop,Spring,322.04,373.19,68,34,335,3292.26,839
4,Smartphone,Spring,388.33,418.77,67,98,380,3763.58,984
4,Fashion,Spring,292.34,277.96,57,1,313,3717.54,689
4,Home_IoT,Spring,271.44,217.93,54,77,215,1435.19,884
4,Fashion,Spring,312.32,338.65,62,52,378,1299.02,876
4,Laptop,Spring,444.61,507.95,92,21,97,2706.33,658
4,Laptop,Spring,303.95,329.69,58,55,200,4660.14,772
4,Laptop,Spring,363.68,301.97,62,69,490,2910.85,902
5,Fashion,Spring,308.84,253.43,77,48,217,4357.68,873
5,Fashion,Spring,403.28,446.63,65,15,483,2229.51,734
5,Home_IoT,Spring,80.06,69.94,38,12,253,3974.05,1224
5,Home_IoT,Spring,362.19,396.43,70,100,88,1366.3,841
5,Home_IoT,Spring,340.04,336.26,69,77,462,3192.63,968
5,Fashion,Spring,242.72,291.83,49,32,367,1149.77,808
5,Laptop,Spring,277.19,329.57,41,15,298,2366.05,624
5,Smartphone,Spring,358.49,409.56,66,9,217,3131.1,643
5,Smartphone,Spring,345.45,400.18,62,54,383,2407.61,826
5,Laptop,Spring,432.99,358.9,87,12,65,2909.86,571
5,Home_IoT,Spring,327.37,307.62,72,83,131,2276.1,872
5,Smartphone,Spring,35.8,39.84,23,45,244,4300.61,1690
5,Smartphone,Spring,222.61,202.33,45,39,345,4933.31,828
5,Home_IoT,Spring,285.17,299.95,42,98,341,48.85,865
5,Home_IoT,Spring,212.91,178.75,63,86,65,1753.13,986
5,Smartphone,Spring,364.88,423.36,55,44,495,1000.75,812
5,Fashion,Spring,446.23,363.33,80,34,205,4681.06,698
5,Home_IoT,Spring,284.91,319.48,50,29,87,4008.64,622
5,Fashion,Spring,348.24,291.15,75,69,141,4474.08,868
5,Home_IoT,Spring,413.76,429.02,62,4,387,3657.95,623
5,Home_IoT,Spring,225.81,269.23,50,70,462,1096.07,1014
5,Smartphone,Spring,253.78,266.45,51,0,229,3596.01,691
5,Laptop,Spring,306.0,272.28,60,85,418,3401.14,982
5,Laptop,Spring,189.96,215.46,34,75,369,2127.47,907
5,Home_IoT,Spring,131.78,163.99,41,84,216,200.55,1089
5,Home_IoT,Spring,459.2,467.93,75,72,91,4367.12,712
5,Smartphone,Spring,329.18,304.35,57,90,153,2961.75,852
5,Fashion,Spring,368.72,413.75,80,36,241,4545.16,804
5,Smartphone,Spring,221.42,273.92,51,77,167,904.88,892
5,Home_IoT,Spring,412.18,412.34,77,34,55,2574.09,624
5,Fashion,Spring,298.01,260.34,77,61,220,1955.41,909
5,Smartphone,Spring,361.61,447.1,77,9,213,2268.95,693
5,Fashion,Spring,240.85,229.21,61,31,52,4144.42,727
5,Fashion,Spring,340.04,297.59,53,32,140,838.1,612
5,Home_IoT,Spring,378.84,446.98,55,47,445,4028.35,807
5,Smartphone,Spring,302.05,278.31,63,89,353,285.43,963
5,Smartphone,Spring,352.6,288.32,70,4,304,610.55,689
5,Laptop,Spring,293.93,240.64,58,76,214,741.72,805
5,Fashion,Spring,382.32,384.09,73,62,110,2577.98,793
5,Laptop,Spring,340.41,303.25,57,94,161,3367.16,807
5,Laptop,Spring,345.7,411.61,50,8,381,885.75,639
5,Smartphone,Spring,342.52,350.65,67,39,199,3089.24,745
5,Laptop,Spring,367.53,299.05,63,85,223,4654.74,865
5,Home_IoT,Spring,416.94,407.45,77,11,96,3256.16,558
5,Fashion,Spring,282.29,352.79,64,27,301,241.06,788
5,Smartphone,Spring,336.07,354.61,64,87,369,3692.25,966
5,Laptop,Spring,328.2,310.86,56,33,456,3337.97,811
5,Home_IoT,Spring,335.12,391.43,70,41,499,601.05,931
5,Home_IoT,Spring,285.78,270.37,57,88,65,1832.31,852
5,Home_IoT,Spring,185.43,168.17,47,90,466,1866.26,1092
6,Home_IoT,Summer,470.49,507.55,84,72,97,2317.47,768
6,Fashion,Summer,150.03,121.76,55,28,399,1706.24,1286
6,Smartphone,Summer,112.73,119.62,39,36,392,2668.01,1152
6,Smartphone,Summer,369.74,454.77,68,99,217,91.16,885
6,Fashion,Summer,369.06,335.68,71,37,78,4635.17,754
6,Laptop,Summer,190.35,176.68,55,12,53,1536.45,761
6,Laptop,Summer,379.6,356.86,62,42,87,3051.67,606
6,Laptop,Summer,320.88,282.86,74,40,144,3405.59,780
6,Home_IoT,Summer,238.3,266.67,61,80,298,534.38,981
6,Laptop,Summer,329.02,382.55,66,79,279,2751.13,917
6,Home_IoT,Summer,283.53,348.21,61,99,312,3008.06,1014
6,Smartphone,Summer,264.9,284.75,60,85,433,2055.14,1037
6,Home_IoT,Summer,170.35,196.11,41,59,93,1374.03,821
6,Smartphone,Summer,356.33,385.1,78,68,384,2258.84,966
6,Fashion,Summer,225.49,255.16,42,73,61,4313.99,852
6,Home_IoT,Summer,292.19,313.58,58,46,230,2733.49,776
6,Fashion,Summer,186.51,199.1,51,84,119,2483.83,1070
6,Home_IoT,Summer,503.89,560.12,84,58,70,4956.28,666
6,Fashion,Summer,421.42,389.13,68,11,87,397.1,597
6,Smartphone,Summer,187.54,155.89,44,72,470,2595.3,1024
6,Smartphone,Summer,237.21,283.71,63,82,227,3254.39,981
6,Smartphone,Summer,386.38,481.96,65,48,472,3309.2,823
6,Smartphone,Summer,445.95,450.12,85,17,425,300.71,762
6,Smartphone,Summer,331.94,295.57,61,63,332,2679.14,833
6,Fashion,Summer,244.8,279.14,58,8,433,1737.86,960
6,Fashion,Summer,290.38,361.99,69,73,70,4635.0,957
6,Laptop,Summer,397.09,410.76,78,31,253,3117.93,746
6,Home_IoT,Summer,281.68,324.47,55,32,174,3543.72,702
6,Laptop,Summer,173.44,145.59,48,36,163,4684.79,840
6,Laptop,Summer,279.83,299.49,67,54,54,2578.4,753
6,Smartphone,Summer,336.92,419.96,59,31,265,4257.12,710
6,Home_IoT,Summer,335.95,399.99,58,2,449,4029.63,703
6,Fashion,Summer,294.6,246.41,49,41,208,2014.9,796
6,Smartphone,Summer,231.41,251.88,46,69,293,4112.4,884
6,Fashion,Summer,335.89,360.35,59,40,275,3824.05,841
6,Laptop,Summer,146.74,141.66,40,40,442,340.86,988
6,Smartphone,Summer,326.48,403.08,60,21,401,2162.49,759
6,Smartphone,Summer,103.03,112.13,30,78,296,1080.19,1081
6,Laptop,Summer,470.94,408.97,82,51,108,306.75,658
6,Smartphone,Summer,417.43,518.72,82,21,288,1195.9,714
6,Home_IoT,Summer,234.88,261.06,50,24,121,311.46,668
6,Laptop,Summer,321.85,301.84,60,56,273,3119.48,831
6,Laptop,Summer,151.72,130.3,21,59,76,4433.02,598
6,Smartphone,Summer,221.49,259.67,56,82,99,3668.07,897
6,Smartphone,Summer,125.45,101.44,51,24,147,1299.07,1069
6,Fashion,Summer,251.05,202.21,65,71,374,1206.01,1142
6,Smartphone,Summer,323.96,275.17,59,94,491,2739.8,1044
6,Home_IoT,Summer,283.63,246.06,57,69,474,1623.38,951
6,Fashion,Summer,370.59,359.16,57,41,346,1972.38,858
6,Laptop,Summer,246.55,273.59,56,94,64,2188.02,915
7,Fashion,Summer,325.6,266.11,70,19,369,4508.81,948
7,Smartphone,Summer,287.1,311.93,50,35,359,3069.67,769
7,Laptop,Summer,262.33,227.59,60,12,306,3687.17,818
7,Home_IoT,Summer,291.73,242.74,62,37,222,60.54,741
7,Laptop,Summer,146.42,140.18,39,24,243,3873.27,837
7,Fashion,Summer,399.29,367.06,68,98,215,104.72,953
7,Smartphone,Summer,332.16,359.1,74,37,301,1909.7,826
7,Laptop,Summer,346.41,377.5,56,25,68,2651.51,572
7,Smartphone,Summer,296.39,367.82,50,34,280,3009.41,740
7,Home_IoT,Summer,361.91,310.39,67,52,466,1691.34,905
7,Fashion,Summer,121.68,121.4,44,79,454,3064.7,1413
7,Laptop,Summer,290.37,269.65,55,58,391,4079.73,897
7,Laptop,Summer,299.13,340.94,57,78,172,2302.7,838
7,Smartphone,Summer,388.14,341.5,71,19,71,2725.13,610
7,Fashion,Summer,292.43,341.56,65,83,99,1067.56,987
7,Home_IoT,Summer,315.44,336.15,60,26,429,2541.8,835
7,Smartphone,Summer,251.96,279.68,68,13,494,4366.61,985
7,Fashion,Summer,343.08,275.9,70,86,122,1233.39,923
7,Laptop,Summer,237.47,275.47,56,19,107,1020.18,734
7,Smartphone,Summer,265.21,254.58,65,15,294,3918.96,823
7,Smartphone,Summer,285.73,326.43,57,16,326,176.56,696
7,Home_IoT,Summer,338.95,321.03,69,12,120,744.44,627
7,Smartphone,Summer,331.36,413.65,70,68,367,1841.55,969
7,Home_IoT,Summer,281.23,274.53,54,32,100,2063.11,675
7,Smartphone,Summer,248.13,287.18,37,77,217,464.95,738
7,Fashion,Summer,461.79,489.96,98,73,454,2807.42,1103
7,Smartphone,Summer,510.42,563.71,90,13,161,4024.94,620
7,Smartphone,Summer,214.09,176.91,51,60,486,1671.19,1023
7,Laptop,Summer,397.77,459.38,70,97,369,2586.35,933
7,Home_IoT,Summer,249.16,209.26,57,13,276,1103.06,717
7,Fashion,Summer,441.54,551.6,82,78,316,4665.57,977
7,Fashion,Summer,496.05,423.26,87,82,433,2049.52,1051
7,Fashion,Summer,324.44,343.04,54,86,342,2938.85,981
7,Fashion,Summer,222.04,207.48,43,25,273,4703.4,798
7,Home_IoT,Summer,185.26,220.96,53,39,463,4209.67,1064
7,Smartphone,Summer,201.5,173.3,52,71,452,403.01,1007
7,Smartphone,Summer,383.61,382.3,59,5,376,3647.54,630
7,Home_IoT,Summer,285.08,324.45,67,73,391,3284.78,1021
7,Laptop,Summer,279.82,256.81,58,2,227,1234.89,650
7,Home_IoT,Summer,370.68,371.56,65,55,429,3883.55,846
7,Smartphone,Summer,257.64,210.01,59,62,174,313.27,790
7,Fashion,Summer,401.84,325.42,73,69,195,3318.95,893
7,Smartphone,Summer,330.8,404.1,61,47,468,261.29,818
7,Home_IoT,Summer,299.71,266.49,52,95,303,2826.65,887
7,Smartphone,Summer,328.22,352.45,66,8,209,1747.53,640
7,Smartphone,Summer,245.03,253.73,47,96,60,573.84,838
7,Smartphone,Summer,364.66,302.83,66,90,484,3539.18,989
7,Fashion,Summer,251.39,219.87,61,1,70,4728.49,699
7,Home_IoT,Summer,375.2,378.21,66,12,335,2058.83,693
7,Laptop,Summer,451.04,524.51,90,10,330,2296.2,706
8,Laptop,Summer,210.04,183.6,50,13,165,1651.08,724
8,Smartphone,Summer,436.15,521.55,84,60,492,4352.89,939
8,Fashion,Summer,196.84,244.72,55,46,364,3860.06,1129
8,Fashion,Summer,280.98,238.12,58,30,118,3283.9,856
8,Home_IoT,Summer,322.42,370.47,53,13,472,4822.38,740
8,Laptop,Summer,235.96,250.1,38,31,448,3172.91,756
8,Fashion,Summer,329.05,398.74,53,41,412,2665.14,889
8,Fashion,Summer,202.82,240.49,47,82,53,4530.72,990
8,Smartphone,Summer,249.82,220.57,54,64,381,4469.95,929
8,Laptop,Summer,433.13,362.77,66,11,415,4412.08,657
8,Laptop,Summer,370.61,457.78,60,68,129,2088.8,697
8,Laptop,Summer,320.64,279.92,66,62,155,63.04,786
8,Fashion,Summer,514.48,578.13,77,17,241,4451.29,708
8,Smartphone,Summer,286.92,335.29,54,17,93,2703.97,597
8,Home_IoT,Summer,276.99,280.32,44,100,339,4108.18,877
8,Home_IoT,Summer,314.85,299.37,50,22,308,868.81,654
8,Laptop,Summer,387.34,327.41,72,58,497,1199.37,907
8,Fashion,Summer,310.77,339.68,46,31,482,3104.64,854
8,Fashion,Summer,348.42,352.63,74,78,377,4895.52,1064
8,Laptop,Summer,261.05,289.46,64,60,257,348.21,931
8,Home_IoT,Summer,307.05,277.03,64,39,200,4185.21,784
8,Laptop,Summer,201.32,188.72,39,57,373,1063.22,903
8,Laptop,Summer,343.98,410.04,67,61,466,3830.32,950
8,Laptop,Summer,400.49,441.27,76,8,237,2802.2,646
8,Home_IoT,Summer,241.27,243.0,58,27,191,4322.82,747
8,Fashion,Summer,333.23,377.54,72,74,464,4590.38,1118
8,Home_IoT,Summer,328.23,305.75,70,30,350,4553.85,840
8,Home_IoT,Summer,298.23,349.89,69,70,482,1407.61,1057
8,Fashion,Summer,416.91,351.64,65,13,167,1209.47,654
8,Laptop,Summer,315.0,294.13,55,74,211,1499.6,767
8,Smartphone,Summer,455.53,547.34,74,20,179,926.65,590
8,Fashion,Summer,288.5,239.06,57,55,155,4156.87,894
8,Home_IoT,Summer,241.92,203.75,46,88,97,4548.13,846
8,Smartphone,Summer,344.48,355.8,67,11,62,2152.14,599
8,Fashion,Summer,158.47,181.96,50,3,288,3009.62,1011
8,Home_IoT,Summer,450.61,480.47,74,83,456,3513.17,963
8,Smartphone,Summer,224.9,190.47,61,18,74,1922.56,802
8,Fashion,Summer,291.16,330.36,57,74,177,2531.33,941
8,Laptop,Summer,259.73,237.52,50,63,400,1809.27,886
8,Laptop,Summer,273.53,338.41,59,13,179,1656.74,670
8,Fashion,Summer,185.84,199.75,38,91,86,1403.42,949
8,Laptop,Summer,174.54,202.67,38,46,276,2860.24,825
8,Fashion,Summer,160.75,196.0,31,95,281,1985.08,1041
8,Smartphone,Summer,224.05,230.4,48,12,115,4371.11,639
8,Laptop,Summer,436.97,544.8,88,46,260,657.45,771
8,Home_IoT,Summer,94.84,114.61,37,89,412,3570.16,1353
8,Home_IoT,Summer,224.75,263.12,36,7,122,4775.3,527
8,Laptop,Summer,390.61,332.61,62,64,72,1919.19,688
8,Home_IoT,Summer,99.04,84.63,27,30,476,2094.74,997
8,Laptop,Summer,293.76,359.5,61,70,291,3342.86,888
9,Smartphone,Autumn,285.55,304.72,43,62,330,50.66,755
9,Fashion,Autumn,362.66,408.28,63,57,165,602.79,720
9,Home_IoT,Autumn,215.43,173.48,42,2,297,2110.17,668
9,Fashion,Autumn,127.56,109.11,31,99,386,2793.21,1107
9,Smartphone,Autumn,346.69,379.12,78,69,170,4228.02,862
9,Fashion,Autumn,370.32,347.3,86,67,220,3944.93,926
9,Home_IoT,Autumn,387.5,453.41,80,95,87,4287.81,872
9,Home_IoT,Autumn,399.67,386.49,72,61,468,3005.37,872
9,Home_IoT,Autumn,431.34,417.77,75,8,471,834.3,702
9,Laptop,Autumn,264.6,230.07,56,41,353,127.24,836
9,Laptop,Autumn,464.78,443.06,79,28,157,358.56,577
9,Fashion,Autumn,283.24,273.06,47,78,388,1089.46,912
9,Home_IoT,Autumn,309.01,342.92,59,15,142,702.76,603
9,Home_IoT,Autumn,322.31,313.57,59,64,185,194.98,753
9,Smartphone,Autumn,271.5,236.75,58,21,266,116.76,715
9,Home_IoT,Autumn,443.05,377.59,83,56,170,4779.59,756
9,Laptop,Autumn,333.31,357.08,70,97,99,4133.54,891
9,Fashion,Autumn,251.46,262.43,66,9,289,770.73,790
9,Smartphone,Autumn,536.57,613.22,85,6,174,4168.25,519
9,Home_IoT,Autumn,215.61,178.08,51,38,224,1712.24,811
9,Smartphone,Autumn,187.4,198.87,30,4,349,695.98,663
9,Home_IoT,Autumn,103.49,129.08,46,25,164,4401.57,1174
9,Home_IoT,Autumn,477.92,515.82,76,8,282,1006.56,592
9,Laptop,Autumn,422.22,381.05,58,25,281,4820.14,594
9,Laptop,Autumn,338.38,351.92,63,0,305,4349.85,664
9,Fashion,Autumn,283.46,261.94,54,61,167,4385.45,774
9,Fashion,Autumn,323.54,329.21,65,35,185,4317.74,697
9,Smartphone,Autumn,344.71,393.94,78,86,286,1932.7,966
9,Smartphone,Autumn,291.89,309.34,27,85,161,4327.89,653
9,Home_IoT,Autumn,346.06,366.16,64,79,320,4780.24,914
9,Laptop,Autumn,277.44,328.57,57,42,172,2195.75,761
9,Smartphone,Autumn,107.8,87.17,15,60,399,2384.22,789
9,Smartphone,Autumn,427.38,475.09,76,29,67,672.18,571
9,Fashion,Autumn,163.66,146.45,39,63,213,4787.24,924
9,Home_IoT,Autumn,395.65,368.97,74,5,148,71.58,570
9,Fashion,Autumn,302.93,345.05,67,37,51,3844.61,720
9,Fashion,Autumn,420.42,496.38,77,42,140,3068.02,692
9,Fashion,Autumn,221.85,218.12,46,33,160,330.05,686
9,Laptop,Autumn,224.6,261.37,48,27,272,4738.44,741
9,Fashion,Autumn,315.06,364.69,63,83,238,3535.43,883
9,Home_IoT,Autumn,136.86,123.8,35,36,161,1405.02,839
9,Laptop,Autumn,271.77,245.06,57,100,348,3202.38,984
9,Smartphone,Autumn,313.87,301.63,60,49,202,3239.09,700
9,Smartphone,Autumn,400.03,332.94,62,21,388,3413.09,723
9,Fashion,Autumn,311.32,364.29,72,98,476,4019.79,1148
9,Fashion,Autumn,519.62,479.16,100,45,125,2483.48,700
9,Fashion,Autumn,224.54,243.24,49,48,203,271.66,771
9,Smartphone,Autumn,380.01,312.02,76,70,346,1380.85,905
9,Home_IoT,Autumn,282.76,333.01,55,90,175,19.1,843
9,Smartphone,Autumn,197.09,189.62,46,69,358,1351.97,968
10,Fashion,Autumn,303.72,350.8,52,60,431,4459.36,888
10,Home_IoT,Autumn,304.52,255.85,57,69,303,3435.1,862
10,Smartphone,Autumn,108.29,117.46,23,55,239,3519.29,860
10,Laptop,Autumn,394.43,368.45,78,16,443,526.82,781
10,Fashion,Autumn,405.19,332.94,69,92,216,1800.25,849
10,Fashion,Autumn,272.81,243.89,69,85,335,1843.54,1007
10,Home_IoT,Autumn,252.61,289.34,52,95,284,2082.52,971
10,Laptop,Autumn,351.11,355.51,64,9,395,4400.78,700
10,Fashion,Autumn,296.41,318.19,70,32,219,1476.51,808
10,Laptop,Autumn,186.52,203.34,46,21,246,1975.65,827
10,Laptop,Autumn,261.92,314.46,46,60,443,1437.05,864
10,Home_IoT,Autumn,287.05,264.21,57,28,442,4177.4,815
10,Fashion,Autumn,230.28,235.3,56,69,420,2021.45,1077
10,Home_IoT,Autumn,354.04,436.73,71,84,458,2595.16,1005
10,Smartphone,Autumn,265.72,305.13,42,48,91,3864.61,646
10,Smartphone,Autumn,333.64,284.96,60,56,270,1327.91,796
10,Smartphone,Autumn,382.45,365.87,61,61,253,1858.7,757
10,Smartphone,Autumn,308.67,355.33,60,65,87,2289.98,759
10,Home_IoT,Autumn,133.58,110.81,35,7,74,1141.18,700
10,Home_IoT,Autumn,166.21,137.29,35,97,168,4788.95,964
10,Home_IoT,Autumn,311.54,384.21,60,87,251,378.03,855
10,Smartphone,Autumn,231.24,249.76,50,43,438,3906.61,906
10,Fashion,Autumn,227.33,264.84,43,76,155,3179.77,846
10,Laptop,Autumn,179.46,217.66,44,91,52,1452.52,887
10,Home_IoT,Autumn,366.2,409.59,74,24,358,311.02,745
10,Home_IoT,Autumn,374.62,384.09,91,88,308,3398.1,1038
10,Fashion,Autumn,267.13,310.71,57,98,244,2298.32,925
10,Smartphone,Autumn,343.8,282.77,83,56,256,4218.25,906
10,Fashion,Autumn,294.43,362.82,53,79,87,984.63,727
10,Smartphone,Autumn,431.22,359.16,66,79,69,3111.72,680
10,Fashion,Autumn,330.96,377.56,66,13,153,808.36,667
10,Home_IoT,Autumn,320.99,353.08,57,74,420,813.5,878
10,Laptop,Autumn,427.78,438.26,82,27,361,60.52,711
10,Smartphone,Autumn,389.12,438.92,69,7,186,477.0,571
10,Fashion,Autumn,261.69,265.98,53,42,218,3312.17,763
10,Home_IoT,Autumn,287.21,358.14,50,43,305,224.56,730
10,Home_IoT,Autumn,316.07,308.68,50,67,88,3771.32,656
10,Home_IoT,Autumn,340.77,359.11,75,29,232,1792.89,783
10,Home_IoT,Autumn,241.54,214.06,41,71,345,4591.2,859
10,Home_IoT,Autumn,204.65,251.25,45,56,372,2908.11,937
10,Home_IoT,Autumn,366.79,378.72,89,15,429,3793.88,859
10,Home_IoT,Autumn,190.54,219.34,40,6,348,2381.68,758
10,Smartphone,Autumn,189.4,201.9,38,66,297,930.68,883
10,Smartphone,Autumn,134.79,157.02,53,93,77,4179.13,1241
10,Smartphone,Autumn,336.45,385.91,78,1,371,3273.25,747
10,Fashion,Autumn,294.79,252.79,64,8,120,3827.73,649
10,Home_IoT,Autumn,246.71,305.4,49,27,469,1130.63,811
10,Laptop,Autumn,248.97,282.3,43,83,57,4242.13,733
10,Home_IoT,Autumn,136.12,128.82,34,99,334,3563.11,1086
10,Smartphone,Autumn,369.17,429.35,66,39,374,4924.29,791
11,Home_IoT,Autumn,326.12,347.57,51,81,343,3305.07,860
11,Laptop,Autumn,193.48,222.75,47,36,482,2918.86,975
11,Laptop,Autumn,269.85,251.89,69,21,256,3572.12,826
11,Fashion,Autumn,414.78,400.75,63,7,188,4664.62,615
11,Smartphone,Autumn,384.38,431.06,68,72,273,2308.58,838
11,Home_IoT,Autumn,368.3,340.06,67,9,200,4035.35,632
11,Smartphone,Autumn,199.99,190.2,51,40,409,4892.63,978
11,Smartphone,Autumn,377.89,463.37,71,73,218,2481.29,865
11,Smartphone,Autumn,195.65,225.74,43,98,330,3672.22,1024
11,Home_IoT,Autumn,214.11,239.2,58,65,177,4085.64,951
11,Smartphone,Autumn,337.49,277.84,67,26,338,2523.98,786
11,Laptop,Autumn,354.6,371.88,66,99,162,1982.77,865
11,Smartphone,Autumn,216.86,201.79,52,11,337,4357.07,836
11,Fashion,Autumn,379.18,400.9,69,8,93,4164.15,540
11,Smartphone,Autumn,277.17,290.19,54,15,253,1438.16,663
11,Fashion,Autumn,118.88,134.3,39,15,224,2022.64,961
11,Home_IoT,Autumn,169.63,188.03,51,68,152,1662.28,1002
11,Fashion,Autumn,263.0,289.87,51,78,74,3161.41,799
11,Fashion,Autumn,203.7,231.79,54,33,104,506.86,774
11,Smartphone,Autumn,242.19,201.11,45,64,121,2593.5,751
11,Laptop,Autumn,233.79,264.66,56,31,263,3522.77,798
11,Fashion,Autumn,155.17,138.47,46,51,94,2415.2,907
11,Laptop,Autumn,179.8,196.98,46,85,324,4842.69,1049
11,Home_IoT,Autumn,282.67,302.34,62,24,118,3118.24,694
11,Fashion,Autumn,241.49,194.83,40,81,478,4825.08,964
11,Laptop,Autumn,250.94,236.09,42,15,202,1355.48,633
11,Smartphone,Autumn,388.57,476.4,75,95,265,529.53,927
11,Fashion,Autumn,344.53,384.33,65,28,498,3400.56,815
11,Fashion,Autumn,277.83,295.14,56,89,376,1265.51,991
11,Smartphone,Autumn,351.22,310.77,59,21,140,3362.3,593
11,Smartphone,Autumn,286.28,240.96,59,61,150,3741.92,799
11,Laptop,Autumn,338.16,380.62,72,36,482,45.27,831
11,Smartphone,Autumn,499.07,542.47,86,87,461,1210.11,947
11,Home_IoT,Autumn,329.71,373.37,63,100,379,68.73,959
11,Fashion,Autumn,205.47,189.42,48,35,187,1237.8,785
11,Fashion,Autumn,279.1,307.79,49,6,69,405.75,543
11,Smartphone,Autumn,358.6,437.39,67,93,97,2721.27,839
11,Laptop,Autumn,248.46,257.07,41,94,166,342.29,821
11,Home_IoT,Autumn,339.53,360.92,70,48,413,2691.66,876
11,Laptop,Autumn,210.19,242.63,39,1,251,2271.73,641
11,Home_IoT,Autumn,229.65,256.62,39,60,437,2138.01,904
11,Home_IoT,Autumn,212.52,212.47,48,67,327,109.57,930
11,Fashion,Autumn,204.02,168.37,60,49,326,2455.48,1016
11,Smartphone,Autumn,342.17,298.29,81,27,233,802.31,804
11,Laptop,Autumn,372.0,433.88,71,8,485,3425.67,772
11,Smartphone,Autumn,195.74,201.96,50,87,481,2677.77,1124
11,Fashion,Autumn,128.88,151.16,39,73,389,3946.46,1162
11,Smartphone,Autumn,273.73,262.64,56,83,215,2528.17,900
11,Laptop,Autumn,237.43,249.07,56,24,415,2515.66,886
11,Home_IoT,Autumn,321.09,380.96,55,98,138,3741.78,847
12,Laptop,Winter,393.46,343.16,90,81,411,3368.23,1048
12,Fashion,Winter,209.13,182.86,46,55,431,9.96,888
12,Home_IoT,Winter,415.92,429.11,74,21,359,806.81,701
12,Laptop,Winter,194.15,200.68,41,88,304,3038.76,962
12,Laptop,Winter,166.76,149.88,39,75,495,4799.31,1095
12,Fashion,Winter,375.7,392.01,91,97,206,3482.15,972
12,Fashion,Winter,256.73,263.16,46,81,406,2059.79,937
12,Home_IoT,Winter,314.31,337.11,73,87,391,586.02,1036
12,Smartphone,Winter,209.59,232.95,46,98,396,1031.26,1067
12,Smartphone,Winter,281.91,278.72,56,69,246,90.62,793
12,Fashion,Winter,439.4,475.78,99,42,395,3443.16,911
12,Laptop,Winter,448.61,529.13,86,4,252,2425.47,657
12,Laptop,Winter,348.72,349.79,76,85,459,917.21,1022
12,Laptop,Winter,356.87,430.31,59,45,189,1017.36,670
12,Laptop,Winter,247.66,306.02,72,97,203,332.82,1069
12,Fashion,Winter,375.0,373.15,63,63,498,4985.91,899
12,Fashion,Winter,185.99,167.21,31,73,424,1752.6,876
12,Home_IoT,Winter,254.76,286.66,57,50,472,3283.65,920
12,Laptop,Winter,288.12,293.25,69,21,86,26.57,680
12,Smartphone,Winter,313.29,358.7,70,98,288,2918.57,1016
12,Smartphone,Winter,389.45,452.29,70,25,286,2590.04,714
12,Laptop,Winter,305.17,267.47,47,7,288,974.88,605
12,Laptop,Winter,343.16,414.78,64,24,317,3793.58,769
12,Home_IoT,Winter,389.53,422.47,76,38,309,782.38,794
12,Smartphone,Winter,424.1,390.99,87,51,151,1011.27,736
12,Laptop,Winter,221.47,267.65,48,28,360,2535.3,797
12,Smartphone,Winter,305.96,357.92,46,20,316,3297.55,636
12,Laptop,Winter,305.4,373.38,72,84,133,3181.87,938
12,Laptop,Winter,165.25,146.4,42,43,102,3473.2,829
12,Smartphone,Winter,237.41,276.99,39,45,401,3890.13,772
12,Home_IoT,Winter,274.1,230.18,49,58,253,3494.74,769
12,Home_IoT,Winter,167.48,136.92,30,11,190,3334.24,586
12,Laptop,Winter,334.9,401.76,70,15,279,1626.45,733
12,Laptop,Winter,343.46,285.16,64,2,228,474.59,573
12,Fashion,Winter,385.62,457.39,71,18,386,4988.14,730
12,Fashion,Winter,278.03,320.48,56,77,351,2830.9,936
12,Home_IoT,Winter,314.39,284.34,76,82,108,71.91,888
12,Laptop,Winter,414.34,436.52,79,15,343,3123.07,750
12,Home_IoT,Winter,367.25,389.81,63,47,466,4953.4,845
12,Laptop,Winter,374.08,337.79,83,5,177,2984.26,707
12,Smartphone,Winter,220.0,196.95,65,93,123,4978.16,1079
12,Fashion,Winter,335.38,336.94,73,95,148,3373.93,928
12,Fashion,Winter,294.08,359.88,44,51,385,836.79,801
12,Home_IoT,Winter,350.57,323.88,60,55,343,781.03,822
12,Home_IoT,Winter,474.25,417.68,78,82,291,3525.7,891
12,Fashion,Winter,243.24,196.69,52,13,390,3895.51,801
12,Smartphone,Winter,457.7,538.79,83,72,112,4014.05,768
12,Laptop,Winter,213.52,185.58,68,75,400,2863.04,1185
12,Smartphone,Winter,314.78,334.43,65,53,420,2964.2,902
12,Home_IoT,Winter,281.3,235.74,57,47,93,3034.23,713
13,Fashion,Winter,246.14,292.5,43,60,443,4430.47,897
13,Smartphone,Winter,279.77,349.36,47,66,480,150.13,861
13,Smartphone,Winter,356.02,440.76,63,32,106,2325.05,620
13,Home_IoT,Winter,274.71,228.55,57,82,179,1053.97,855
13,Laptop,Winter,207.57,191.14,57,98,136,504.89,1018
13,Smartphone,Winter,276.91,256.22,56,51,287,3991.47,843
13,Laptop,Winter,152.9,138.32,41,0,414,648.39,842
13,Fashion,Winter,177.19,158.54,40,7,102,4045.12,660
13,Home_IoT,Winter,218.67,260.02,53,4,344,774.63,784
13,Home_IoT,Winter,263.66,306.3,47,84,204,685.74,790
13,Laptop,Winter,444.65,384.55,62,89,368,3119.99,858
13,Laptop,Winter,160.97,150.98,33,46,306,4111.91,817
13,Smartphone,Winter,258.22,259.85,58,83,192,3625.03,962
13,Smartphone,Winter,384.1,361.53,72,12,490,2690.11,792
13,Home_IoT,Winter,317.26,281.67,55,54,339,2446.96,805
13,Fashion,Winter,487.34,469.13,85,7,160,4298.97,582
13,Smartphone,Winter,123.78,124.31,34,53,389,3812.23,1030
13,Fashion,Winter,370.21,377.74,55,29,279,3223.73,686
13,Home_IoT,Winter,244.17,236.23,64,96,69,3308.34,982
13,Smartphone,Winter,185.56,166.71,43,29,378,914.19,840
13,Fashion,Winter,296.67,361.11,51,69,352,4849.63,839
13,Laptop,Winter,375.9,362.87,63,97,209,435.09,831
13,Home_IoT,Winter,394.71,457.14,77,28,450,875.62,794
13,Home_IoT,Winter,370.43,337.96,70,18,473,1316.24,784
13,Laptop,Winter,401.45,456.7,68,52,450,760.24,794
13,Home_IoT,Winter,253.45,307.77,51,25,440,200.3,782
13,Fashion,Winter,191.61,173.82,45,93,75,4542.17,875
13,Smartphone,Winter,109.66,111.77,28,84,65,2149.93,931
13,Home_IoT,Winter,329.42,386.21,52,30,149,853.54,600
13,Smartphone,Winter,178.41,183.66,28,49,498,2506.38,842
13,Smartphone,Winter,226.23,266.42,28,54,471,803.4,761
13,Smartphone,Winter,236.51,253.95,53,52,377,1405.25,921
13,Home_IoT,Winter,208.5,242.0,53,71,438,1960.47,1055
13,Fashion,Winter,288.45,318.69,65,56,300,2828.91,913
13,Laptop,Winter,318.43,264.23,57,62,311,95.78,797
13,Laptop,Winter,359.06,343.01,79,11,74,150.52,625
13,Laptop,Winter,317.61,387.47,61,20,292,1327.48,743
13,Laptop,Winter,413.46,506.99,74,12,436,4424.28,736
13,Fashion,Winter,277.77,257.42,46,69,422,4816.8,901
13,Home_IoT,Winter,379.8,379.52,82,66,455,1305.24,974
13,Home_IoT,Winter,346.68,423.29,74,59,190,928.67,830
13,Fashion,Winter,301.2,261.36,57,55,211,4840.38,760
13,Fashion,Winter,155.44,141.61,61,32,109,2354.8,1087
13,Home_IoT,Winter,378.33,456.63,71,75,374,4087.04,950
13,Fashion,Winter,312.37,306.46,45,30,323,4422.93,696
13,Fashion,Winter,173.77,153.45,43,35,412,1710.54,918
13,Home_IoT,Winter,377.06,321.99,78,17,85,3674.63,602
13,Smartphone,Winter,224.39,239.7,64,23,130,2169.22,829
13,Home_IoT,Winter,370.29,353.55,73,41,267,3665.0,793
13,Home_IoT,Winter,323.2,354.12,62,11,325,4491.93,738
14,Home_IoT,Winter,127.0,102.22,35,25,475,4132.76,994
14,Laptop,Winter,248.49,212.07,61,39,391,4902.84,986
14,Laptop,Winter,440.11,358.51,82,34,312,3293.59,742
14,Fashion,Winter,317.89,296.71,61,40,323,4691.58,774
14,Laptop,Winter,111.98,92.12,31,81,442,263.83,1115
14,Home_IoT,Winter,467.83,427.5,88,48,225,2888.16,735
14,Home_IoT,Winter,356.44,416.79,76,77,398,2386.75,958
14,Fashion,Winter,165.82,148.26,39,82,216,423.44,955
14,Smartphone,Winter,43.39,51.13,37,37,491,1106.19,2206
14,Laptop,Winter,244.43,246.04,53,5,61,1516.43,625
14,Smartphone,Winter,332.46,345.49,62,59,400,163.3,801
14,Laptop,Winter,272.68,337.31,50,32,101,2810.94,623
14,Home_IoT,Winter,278.52,275.16,54,93,143,581.79,864
14,Laptop,Winter,280.67,269.33,62,43,295,2753.32,851
14,Laptop,Winter,368.19,429.53,77,68,330,3059.16,890
14,Home_IoT,Winter,230.57,227.33,49,21,448,3379.11,827
14,Laptop,Winter,265.22,259.35,51,68,297,908.89,861
14,Smartphone,Winter,270.33,236.73,55,87,388,4396.65,985
14,Home_IoT,Winter,201.08,206.33,37,49,426,3657.43,864
14,Laptop,Winter,286.53,326.24,70,25,412,2656.47,932
14,Smartphone,Winter,335.9,379.29,49,98,171,4122.36,809
14,Laptop,Winter,340.03,338.02,56,3,271,1895.2,602
14,Laptop,Winter,300.5,354.56,57,32,270,2420.1,699
14,Smartphone,Winter,219.1,179.15,62,81,382,1359.99,1137
14,Fashion,Winter,310.98,350.71,58,99,319,1729.03,974
14,Home_IoT,Winter,333.52,384.38,68,40,73,1329.64,697
14,Laptop,Winter,473.53,525.44,84,42,494,601.94,815
14,Fashion,Winter,362.53,358.08,68,44,344,801.13,758
14,Fashion,Winter,214.53,244.73,55,18,87,4489.82,740
14,Laptop,Winter,292.44,255.4,48,26,248,1169.06,684
14,Smartphone,Winter,317.1,385.88,67,20,78,2098.14,609
14,Smartphone,Winter,398.63,320.93,79,27,311,3936.86,757
14,Home_IoT,Winter,288.12,306.78,58,38,405,1988.42,845
14,Fashion,Winter,377.58,348.19,66,95,184,4521.22,840
14,Laptop,Winter,253.64,208.68,72,4,305,2130.61,867
14,Laptop,Winter,299.62,349.89,67,8,453,4651.99,817
14,Fashion,Winter,245.17,233.37,58,65,194,4353.44,840
14,Laptop,Winter,218.07,226.46,54,4,267,806.84,725
14,Laptop,Winter,410.66,469.0,79,9,117,769.5,577
14,Laptop,Winter,187.28,207.11,49,74,219,283.4,926
14,Home_IoT,Winter,269.2,299.81,58,35,359,967.18,807
14,Laptop,Winter,304.89,300.34,71,99,95,1202.66,916
14,Fashion,Winter,395.78,436.5,74,21,325,4121.75,710
14,Smartphone,Winter,235.99,260.08,55,71,483,1353.22,1069
14,Fashion,Winter,456.48,543.1,73,11,488,1447.2,765
14,Fashion,Winter,173.25,164.35,50,0,270,2821.16,804
14,Home_IoT,Winter,291.87,356.23,54,68,109,3445.44,764
14,Smartphone,Winter,347.38,397.55,79,61,244,1265.13,867
14,Home_IoT,Winter,387.56,366.61,73,57,341,3382.42,882
14,Laptop,Winter,446.78,443.69,82,96,240,1379.61,933
15,Smartphone,Spring,276.07,306.87,48,10,303,1166.66,677
15,Fashion,Spring,364.19,430.56,70,20,235,224.98,646
15,Home_IoT,Spring,297.48,302.04,47,67,339,4644.3,812
15,Home_IoT,Spring,91.46,95.73,29,40,402,873.24,1111
15,Fashion,Spring,312.25,385.44,75,4,445,252.08,823
15,Fashion,Spring,370.62,308.07,74,88,494,449.38,1078
15,Home_IoT,Spring,222.94,270.38,34,55,220,2032.95,715
15,Home_IoT,Spring,256.45,285.69,49,53,234,4501.32,755
15,Fashion,Spring,397.91,440.02,69,98,117,4729.62,816
15,Home_IoT,Spring,304.34,324.75,49,28,96,81.22,576
15,Smartphone,Spring,288.64,317.29,46,95,391,2782.89,910
15,Laptop,Spring,281.57,238.36,54,61,167,2010.14,789
15,Fashion,Spring,401.06,342.18,73,39,274,0.15,651
15,Fashion,Spring,458.51,564.4,80,68,169,2828.72,769
15,Fashion,Spring,236.5,247.61,47,65,322,1899.9,847
15,Smartphone,Spring,393.49,370.55,82,20,290,483.22,729
15,Smartphone,Spring,280.61,334.8,81,61,75,4977.84,958
15,Smartphone,Spring,264.65,259.68,65,63,145,3362.54,862
15,Home_IoT,Spring,266.87,229.49,42,67,222,3161.98,761
15,Laptop,Spring,275.04,313.29,44,30,472,4364.3,800
15,Laptop,Spring,429.98,463.79,86,23,276,933.2,767
15,Smartphone,Spring,201.93,172.95,44,85,470,4817.4,1068
15,Home_IoT,Spring,245.88,261.49,59,73,81,2706.87,872
15,Laptop,Spring,152.55,165.82,46,61,459,4100.34,1153
15,Smartphone,Spring,265.54,294.8,59,84,248,1261.56,960
15,Home_IoT,Spring,259.49,250.19,36,50,215,3204.83,677
15,Smartphone,Spring,187.55,209.26,39,14,406,2782.32,804
15,Smartphone,Spring,228.68,252.47,56,57,141,1979.69,881
15,Smartphone,Spring,354.53,349.4,55,11,336,4673.65,635
15,Laptop,Spring,291.42,282.69,54,44,395,310.18,809
15,Home_IoT,Spring,198.56,173.32,61,32,246,3290.51,941
15,Fashion,Spring,80.31,88.09,34,49,100,2210.17,1143
15,Fashion,Spring,268.89,313.57,52,59,93,4702.52,752
15,Smartphone,Spring,301.13,322.45,61,10,154,2908.68,617
15,Laptop,Spring,118.8,101.82,34,71,239,1958.71,1040
15,Home_IoT,Spring,353.25,421.2,49,27,319,2884.91,671
15,Fashion,Spring,351.8,366.97,76,39,352,396.4,852
15,Smartphone,Spring,231.15,199.84,62,92,90,757.23,957
15,Home_IoT,Spring,375.7,314.19,89,70,352,4697.84,1004
15,Laptop,Spring,523.57,614.09,82,30,315,3917.35,685
15,Fashion,Spring,305.06,261.12,62,47,479,4375.67,929
15,Laptop,Spring,144.1,158.87,22,29,84,2406.39,564
15,Fashion,Spring,224.85,224.39,49,23,406,3219.78,827
15,Smartphone,Spring,327.04,318.03,57,25,259,1081.66,677
15,Laptop,Spring,246.14,287.79,50,79,326,4131.7,904
15,Home_IoT,Spring,387.63,454.17,75,60,265,3157.29,857
15,Home_IoT,Spring,397.31,391.89,66,12,124,4789.73,610
15,Home_IoT,Spring,393.69,416.22,73,93,202,924.19,843
15,Smartphone,Spring,279.29,319.41,62,25,415,2617.01,869
15,Laptop,Spring,204.42,178.56,42,50,295,922.3,810
16,Home_IoT,Spring,197.24,162.33,52,5,324,1988.97,771
16,Laptop,Spring,504.44,436.54,90,54,352,2528.48,815
16,Laptop,Spring,519.86,621.29,85,99,130,2789.37,821
16,Smartphone,Spring,174.41,213.77,39,18,245,4210.83,759
16,Fashion,Spring,254.07,222.68,53,9,414,634.72,766
16,Laptop,Spring,184.15,229.32,44,18,468,3421.57,871
16,Fashion,Spring,264.72,220.92,74,18,87,20.94,760
16,Home_IoT,Spring,384.89,379.87,80,76,202,120.03,790
16,Smartphone,Spring,194.24,164.0,44,89,186,4783.6,978
16,Laptop,Spring,298.77,270.87,69,12,99,484.83,627
16,Smartphone,Spring,308.23,340.56,67,84,239,2734.64,951
16,Home_IoT,Spring,285.84,273.68,59,80,450,3912.13,1003
16,Fashion,Spring,302.56,272.64,60,94,207,1996.66,914
16,Smartphone,Spring,320.01,304.13,59,19,181,3654.35,637
16,Laptop,Spring,337.62,396.59,85,33,357,4020.83,898
16,Laptop,Spring,393.98,386.59,66,12,139,2598.06,524
16,Fashion,Spring,306.46,263.51,45,52,141,793.68,625
16,Home_IoT,Spring,200.1,197.75,42,79,222,1789.06,934
16,Fashion,Spring,502.89,438.85,82,16,155,2358.7,621
16,Laptop,Spring,448.95,364.25,83,35,133,1774.16,649
16,Fashion,Spring,392.55,360.17,64,2,118,3474.77,550
16,Laptop,Spring,354.35,361.32,64,42,420,665.91,841
16,Fashion,Spring,181.61,194.27,52,70,351,2568.54,1049
16,Home_IoT,Spring,327.03,287.29,59,98,122,2358.25,845
16,Fashion,Spring,277.16,290.39,63,93,153,2036.83,955
16,Home_IoT,Spring,311.45,373.99,60,94,73,2984.73,855
16,Smartphone,Spring,340.6,387.41,55,42,165,4565.21,640
16,Fashion,Spring,278.4,253.65,64,47,424,1532.08,923
16,Fashion,Spring,521.57,517.36,91,90,60,3077.1,780
16,Smartphone,Spring,165.22,161.94,40,69,295,4059.33,953
16,Fashion,Spring,410.21,500.35,76,43,222,100.69,752
16,Smartphone,Spring,247.96,302.33,37,71,168,4984.75,753
16,Fashion,Spring,275.36,329.3,45,88,304,246.1,854
16,Home_IoT,Spring,238.8,205.88,56,47,369,4295.56,913
16,Smartphone,Spring,450.03,408.44,90,35,93,3790.2,668
16,Laptop,Spring,312.52,387.35,76,70,96,3228.01,866
16,Laptop,Spring,304.79,351.07,57,49,493,3829.29,880
16,Smartphone,Spring,334.74,354.42,55,96,281,1034.09,894
16,Fashion,Spring,152.35,151.19,30,7,282,3226.09,669
16,Home_IoT,Spring,277.86,247.12,71,18,399,3916.94,884
16,Home_IoT,Spring,317.21,361.01,56,25,269,4484.98,689
16,Home_IoT,Spring,318.81,303.72,65,19,327,312.16,744
16,Fashion,Spring,223.25,203.57,45,93,97,1584.71,859
16,Laptop,Spring,354.14,419.92,63,58,492,3823.25,899
16,Laptop,Spring,288.72,353.76,66,45,178,3412.7,812
16,Home_IoT,Spring,148.02,126.41,28,70,58,1560.32,785
16,Laptop,Spring,340.62,293.54,65,19,299,4761.93,746
16,Home_IoT,Spring,241.57,296.07,41,20,217,1564.6,643
16,Home_IoT,Spring,418.62,462.56,75,85,380,1261.57,923
16,Fashion,Spring,308.66,312.97,61,42,367,4245.49,835
17,Smartphone,Spring,195.32,229.77,43,60,52,2744.55,787
17,Laptop,Spring,359.26,361.92,47,33,332,4143.54,665
17,Fashion,Spring,381.97,323.69,68,84,399,4194.27,965
17,Fashion,Spring,418.61,471.53,75,56,490,562.95,878
17,Home_IoT,Spring,353.86,290.6,73,43,55,4807.08,725
17,Home_IoT,Spring,359.18,439.61,81,3,64,1491.36,598
17,Smartphone,Spring,327.61,282.62,52,34,484,53.58,759
17,Smartphone,Spring,228.2,217.89,60,22,357,2602.72,872
17,Fashion,Spring,367.09,377.18,75,43,191,2538.79,757
17,Home_IoT,Spring,339.78,335.3,58,41,120,2110.96,685
17,Smartphone,Spring,279.14,326.35,50,68,202,3243.74,770
17,Fashion,Spring,167.9,173.07,25,29,65,1604.27,524
17,Fashion,Spring,348.9,333.29,71,9,88,273.66,576
17,Smartphone,Spring,159.27,136.04,39,30,463,338.02,929
17,Home_IoT,Spring,328.4,326.34,64,76,124,595.7,750
17,Fashion,Spring,381.44,428.52,62,78,358,553.02,821
17,Smartphone,Spring,367.59,350.52,78,100,170,2220.92,938
17,Home_IoT,Spring,463.87,471.97,90,48,349,4934.48,841
17,Fashion,Spring,276.16,287.84,47,34,175,4960.68,645
17,Laptop,Spring,428.24,407.6,79,93,212,4137.62,876
17,Home_IoT,Spring,202.01,167.81,48,55,94,935.62,770
17,Fashion,Spring,243.44,290.71,67,44,111,4526.49,847
17,Laptop,Spring,135.7,115.08,28,37,225,4767.01,767
17,Laptop,Spring,222.87,194.77,55,58,231,3915.81,892
17,Fashion,Spring,275.74,235.96,64,41,489,352.68,944
17,Laptop,Spring,424.31,371.68,79,74,410,4269.71,924
17,Fashion,Spring,283.72,325.21,60,43,128,4673.98,747
17,Fashion,Spring,265.33,257.28,63,47,332,1966.6,887
17,Smartphone,Spring,212.97,236.62,41,93,67,837.83,815
17,Laptop,Spring,182.75,199.29,30,19,147,778.87,591
17,Smartphone,Spring,239.88,232.64,47,22,302,2067.58,727
17,Home_IoT,Spring,270.12,331.3,58,68,309,706.0,879
17,Home_IoT,Spring,283.46,351.93,54,98,318,1908.08,946
17,Laptop,Spring,326.19,282.39,77,66,396,4690.32,1012
17,Fashion,Spring,409.05,339.95,77,71,301,1673.95,884
17,Smartphone,Spring,141.49,151.17,38,67,490,4071.92,1108
17,Laptop,Spring,209.48,186.13,45,85,152,1187.42,901
17,Laptop,Spring,275.44,265.28,39,62,116,4119.99,676
17,Home_IoT,Spring,213.34,247.56,57,43,171,900.79,892
17,Smartphone,Spring,196.72,211.36,43,26,171,1204.02,718
17,Home_IoT,Spring,235.23,203.76,49,38,338,1489.89,822
17,Smartphone,Spring,261.41,318.06,56,15,273,808.47,712
17,Fashion,Spring,402.68,482.42,64,17,87,2769.97,513
17,Home_IoT,Spring,255.13,291.34,62,99,427,1694.12,1091
17,Fashion,Spring,382.15,314.25,74,27,108,1285.31,613
17,Home_IoT,Spring,300.09,297.3,57,21,94,1710.66,617
17,Home_IoT,Spring,321.81,328.27,59,97,332,1758.25,951
17,Fashion,Spring,394.64,376.42,72,16,217,2168.47,659
17,Fashion,Spring,320.08,370.42,54,33,437,4704.96,817
17,Smartphone,Spring,371.47,363.21,70,35,412,256.32,800
18,Home_IoT,Summer,377.87,378.87,85,84,66,3744.82,893
18,Home_IoT,Summer,219.3,229.29,38,22,99,1020.32,566
18,Home_IoT,Summer,332.75,338.46,75,20,342,1080.16,799
18,Smartphone,Summer,387.48,401.53,68,60,129,3536.39,726
18,Fashion,Summer,189.42,162.06,54,31,149,1029.9,976
18,Smartphone,Summer,271.03,305.63,66,36,420,3001.26,938
18,Smartphone,Summer,403.04,499.34,73,37,98,2867.82,676
18,Smartphone,Summer,182.53,213.03,40,6,459,2986.56,800
18,Home_IoT,Summer,135.48,160.48,51,26,411,1700.02,1171
18,Smartphone,Summer,316.0,276.33,66,60,332,3533.02,869
18,Laptop,Summer,488.53,434.02,92,41,318,1058.73,776
18,Laptop,Summer,335.84,369.46,56,92,376,2176.98,928
18,Home_IoT,Summer,338.44,310.18,60,77,397,264.13,877
18,Laptop,Summer,340.56,358.95,65,14,294,3002.92,663
18,Home_IoT,Summer,214.89,231.59,54,70,388,4849.09,1048
18,Laptop,Summer,335.31,297.22,62,20,430,3333.43,804
18,Laptop,Summer,482.03,491.87,80,5,84,2643.28,522
18,Smartphone,Summer,167.66,148.14,28,41,163,424.83,638
18,Home_IoT,Summer,401.27,400.06,88,93,178,1383.77,889
18,Home_IoT,Summer,251.75,284.91,71,48,293,183.56,957
18,Fashion,Summer,123.99,150.55,28,70,444,60.02,1107
18,Smartphone,Summer,281.83,348.79,65,5,450,2590.05,829
18,Fashion,Summer,224.63,228.58,39,5,221,2145.75,689
18,Smartphone,Summer,346.13,396.64,69,33,176,309.73,664
18,Fashion,Summer,234.93,191.8,45,45,174,263.72,809
18,Fashion,Summer,230.96,228.6,51,78,301,199.61,1043
18,Fashion,Summer,388.82,410.95,92,11,153,1662.13,793
18,Smartphone,Summer,235.94,270.14,55,58,144,4831.37,841
18,Home_IoT,Summer,455.11,422.5,83,29,332,3153.85,725
18,Fashion,Summer,44.53,42.0,17,51,101,4623.21,1220
18,Smartphone,Summer,260.56,315.48,59,6,214,3051.82,675
18,Laptop,Summer,366.62,385.56,64,77,311,2573.71,855
18,Home_IoT,Summer,309.67,331.79,58,91,454,398.58,993
18,Laptop,Summer,259.02,275.02,62,85,298,3831.74,1019
18,Home_IoT,Summer,358.15,391.07,74,77,61,4496.24,789
18,Smartphone,Summer,270.42,326.93,64,92,267,3802.0,1002
18,Laptop,Summer,262.7,231.92,42,27,397,3782.26,700
18,Laptop,Summer,262.7,248.72,57,88,479,2342.78,1067
18,Smartphone,Summer,254.72,227.11,54,65,107,3845.31,838
18,Laptop,Summer,220.56,264.31,31,61,159,433.53,649
18,Laptop,Summer,363.99,354.74,72,13,129,4147.83,610
18,Fashion,Summer,399.33,379.15,81,24,458,3504.04,942
18,Fashion,Summer,310.51,351.6,68,37,140,318.97,796
18,Home_IoT,Summer,307.55,381.2,48,24,269,1886.01,661
18,Home_IoT,Summer,342.83,408.41,55,84,152,903.29,789
18,Fashion,Summer,317.94,317.96,48,93,91,3711.85,828
18,Home_IoT,Summer,185.5,162.43,56,95,101,1773.99,1051
18,Smartphone,Summer,332.89,289.04,57,77,370,2989.04,892
18,Fashion,Summer,319.94,356.89,46,90,256,2053.66,906
18,Fashion,Summer,353.52,288.92,60,92,110,1841.25,921
19,Home_IoT,Summer,311.9,319.97,59,10,311,4549.65,710
19,Home_IoT,Summer,439.07,441.53,84,34,336,2375.54,786
19,Fashion,Summer,320.26,356.68,65,82,356,416.12,1039
19,Fashion,Summer,384.31,379.59,76,0,186,4388.75,707
19,Laptop,Summer,311.13,326.99,67,19,313,273.05,750
19,Smartphone,Summer,321.57,381.39,67,30,172,1524.52,679
19,Smartphone,Summer,262.68,245.35,55,49,82,3900.24,708
19,Home_IoT,Summer,260.79,318.94,57,58,131,1715.13,781
19,Home_IoT,Summer,310.35,273.3,59,98,218,4455.7,953
19,Home_IoT,Summer,283.92,263.14,54,79,427,921.51,938
19,Fashion,Summer,277.97,280.88,52,1,106,3029.48,651
19,Smartphone,Summer,314.79,313.15,59,86,399,2677.71,966
19,Fashion,Summer,95.21,114.19,24,21,465,4469.67,1055
19,Smartphone,Summer,29.62,27.41,36,52,168,4794.36,2816
19,Smartphone,Summer,260.49,241.51,63,45,189,1395.04,837
19,Laptop,Summer,274.7,251.75,50,2,443,1582.29,658
19,Home_IoT,Summer,253.1,312.57,56,35,264,4723.54,830
19,Home_IoT,Summer,162.27,130.85,32,69,178,1288.16,823
19,Home_IoT,Summer,410.91,464.3,87,28,416,4977.11,857
19,Home_IoT,Summer,40.4,35.4,32,12,93,4887.28,1818
19,Fashion,Summer,353.93,379.22,59,99,242,1136.31,1009
19,Home_IoT,Summer,343.83,369.65,66,21,385,1854.87,764
19,Home_IoT,Summer,275.22,267.8,50,55,264,1734.79,813
19,Laptop,Summer,342.66,363.02,54,6,456,1710.35,684
19,Laptop,Summer,289.93,261.22,51,96,135,2522.51,838
19,Smartphone,Summer,484.65,512.29,92,39,464,4317.16,861
19,Smartphone,Summer,260.42,310.05,63,85,365,2915.53,1034
19,Fashion,Summer,400.41,391.41,81,89,85,4335.3,930
19,Laptop,Summer,340.41,420.4,71,49,453,2217.2,923
19,Fashion,Summer,93.94,106.28,30,98,313,258.29,1313
19,Fashion,Summer,263.81,253.01,58,5,243,1578.17,759
19,Smartphone,Summer,260.08,322.16,58,21,160,2055.57,695
19,Home_IoT,Summer,379.41,471.42,91,58,353,1208.01,974
19,Home_IoT,Summer,331.05,365.68,74,75,279,320.47,923
19,Fashion,Summer,440.28,394.02,82,40,335,4208.11,863
19,Laptop,Summer,340.33,355.7,56,13,97,628.22,500
19,Smartphone,Summer,185.37,166.11,45,38,295,2055.72,853
19,Home_IoT,Summer,284.63,352.77,70,85,348,4773.33,1023
19,Smartphone,Summer,286.6,238.05,50,31,214,1584.52,673
19,Home_IoT,Summer,189.74,223.93,33,43,338,1798.38,778
19,Smartphone,Summer,271.4,224.56,43,41,274,3507.83,708
19,Smartphone,Summer,351.01,401.84,58,68,330,1520.47,801
19,Home_IoT,Summer,300.03,300.28,51,88,302,3635.09,900
19,Laptop,Summer,247.74,215.62,42,67,175,3758.99,763
19,Smartphone,Summer,200.16,202.86,35,87,80,1668.88,793
19,Smartphone,Summer,407.42,421.04,62,56,75,255.83,635
19,Home_IoT,Summer,215.89,202.85,59,10,125,908.82,716
19,Home_IoT,Summer,287.55,247.29,60,20,168,4638.73,662
19,Home_IoT,Summer,365.79,310.12,66,24,81,3879.39,617
19,Home_IoT,Summer,365.37,429.47,70,47,453,2886.77,863
20,Home_IoT,Summer,359.9,373.55,51,59,131,171.88,613
20,Laptop,Summer,227.89,238.25,63,44,490,667.08,1034
20,Home_IoT,Summer,402.3,351.41,74,18,228,521.57,601
20,Fashion,Summer,464.76,553.34,90,46,300,4140.93,893
20,Home_IoT,Summer,254.9,216.81,49,34,454,246.54,806
20,Laptop,Summer,230.69,282.44,53,30,358,3051.88,830
20,Fashion,Summer,376.0,319.84,67,54,496,3679.6,1015
20,Laptop,Summer,149.97,182.78,39,40,393,123.22,915
20,Smartphone,Summer,427.14,502.47,76,83,364,4872.2,931
20,Smartphone,Summer,336.04,367.15,76,39,112,4912.41,767
20,Laptop,Summer,332.34,271.85,58,62,211,1811.47,776
20,Smartphone,Summer,331.58,328.96,73,59,220,2345.12,853
20,Fashion,Summer,345.45,324.81,63,12,425,2626.59,834
20,Smartphone,Summer,198.49,217.94,26,42,142,3576.61,569
20,Laptop,Summer,173.36,148.46,46,70,391,3277.55,1069
20,Laptop,Summer,170.94,142.67,52,79,148,3353.83,1005
20,Laptop,Summer,289.79,286.77,51,34,189,4194.2,675
20,Home_IoT,Summer,267.15,225.97,67,71,458,4555.6,1082
20,Fashion,Summer,374.01,307.42,68,49,178,4218.64,794
20,Home_IoT,Summer,196.09,223.64,48,45,479,2912.18,995
20,Smartphone,Summer,235.12,207.59,52,20,179,285.01,721
20,Fashion,Summer,383.38,363.07,64,45,350,1748.07,874
20,Home_IoT,Summer,213.1,173.03,36,68,103,3676.14,749
20,Home_IoT,Summer,477.16,425.94,87,98,166,1762.41,889
20,Home_IoT,Summer,380.88,469.71,72,82,311,3141.74,916
20,Home_IoT,Summer,459.75,513.3,79,2,128,4172.29,557
20,Laptop,Summer,302.83,329.54,53,63,337,1570.81,807
20,Fashion,Summer,277.74,251.61,64,70,472,2471.85,1146
20,Home_IoT,Summer,301.1,308.71,66,50,294,4558.93,877
20,Smartphone,Summer,195.53,216.56,45,85,250,2968.42,961
20,Fashion,Summer,288.84,289.3,47,9,356,2027.36,737
20,Laptop,Summer,115.82,140.36,39,19,460,1328.43,1090
20,Home_IoT,Summer,363.28,318.21,70,61,260,4841.63,846
20,Smartphone,Summer,230.65,204.06,58,59,375,1518.68,1011
20,Smartphone,Summer,239.36,277.18,57,25,137,706.92,742
20,Fashion,Summer,205.61,225.17,46,65,279,2686.38,1032
20,Laptop,Summer,442.21,478.88,77,81,73,1330.51,748
20,Fashion,Summer,263.4,309.38,51,79,500,4958.12,1128
20,Fashion,Summer,291.08,321.19,67,21,88,4899.78,817
20,Laptop,Summer,260.83,315.5,50,64,475,1914.17,932
20,Laptop,Summer,317.26,316.31,44,47,423,1551.85,760
20,Home_IoT,Summer,334.98,308.38,68,80,76,4561.04,817
20,Home_IoT,Summer,441.97,404.72,80,48,358,3596.94,815
20,Home_IoT,Summer,224.72,263.0,55,59,230,1175.16,909
20,Home_IoT,Summer,300.95,321.48,43,63,420,537.25,813
20,Fashion,Summer,297.62,367.4,51,93,444,4579.07,1053
20,Laptop,Summer,405.71,349.35,81,86,52,4887.19,806
20,Fashion,Summer,315.45,306.06,55,45,406,441.98,885
20,Smartphone,Summer,301.03,263.38,42,50,314,4930.88,709
20,Fashion,Summer,370.47,451.21,72,41,368,2483.72,904
21,Smartphone,Autumn,344.66,385.63,57,38,344,3659.36,739
21,Fashion,Autumn,184.32,177.44,43,27,59,2674.0,709
21,Laptop,Autumn,302.9,353.55,59,36,377,2160.34,821
21,Smartphone,Autumn,384.2,411.84,79,5,263,3150.09,707
21,Laptop,Autumn,202.32,170.37,43,77,351,83.36,919
21,Home_IoT,Autumn,369.32,348.64,67,85,396,2530.22,927
21,Home_IoT,Autumn,379.38,328.07,81,47,187,43.1,750
21,Fashion,Autumn,332.3,266.96,55,28,114,2113.43,541
21,Smartphone,Autumn,351.31,396.8,53,14,352,1165.09,647
21,Laptop,Autumn,356.64,386.1,78,26,244,4149.7,756
21,Home_IoT,Autumn,153.03,182.13,36,12,334,3346.34,791
21,Smartphone,Autumn,106.16,102.07,16,17,240,4978.23,583
21,Home_IoT,Autumn,20.0,21.09,29,40,225,4583.78,3262
21,Smartphone,Autumn,431.87,441.18,80,38,454,961.58,862
21,Home_IoT,Autumn,163.53,198.15,35,61,144,1677.03,808
21,Home_IoT,Autumn,380.17,326.27,69,48,128,1879.11,739
21,Fashion,Autumn,274.89,275.19,63,40,449,3889.92,924
21,Fashion,Autumn,295.92,331.34,52,50,255,2094.62,752
21,Laptop,Autumn,236.78,294.33,47,91,371,3332.04,999
21,Smartphone,Autumn,199.01,181.19,35,87,380,3587.81,913
21,Laptop,Autumn,405.29,436.3,70,61,455,4462.35,885
21,Laptop,Autumn,328.55,364.07,51,33,122,1060.41,576
21,Laptop,Autumn,192.5,189.61,48,1,408,1171.63,824
21,Laptop,Autumn,362.57,313.98,63,13,387,798.33,707
21,Fashion,Autumn,398.63,326.95,67,86,475,3112.73,942
21,Laptop,Autumn,223.31,218.88,38,56,369,4735.76,839
21,Home_IoT,Autumn,380.79,387.55,81,74,127,4487.66,832
21,Home_IoT,Autumn,360.48,335.29,68,77,105,4761.3,802
21,Fashion,Autumn,534.21,582.46,95,65,265,84.85,792
21,Laptop,Autumn,355.36,286.41,61,38,165,2710.08,679
21,Fashion,Autumn,131.48,109.46,58,29,152,3422.18,1208
21,Laptop,Autumn,240.55,262.61,60,8,285,861.93,781
21,Smartphone,Autumn,367.89,320.34,64,12,84,4811.69,544
21,Home_IoT,Autumn,231.75,269.22,60,84,266,4089.11,1049
21,Home_IoT,Autumn,320.74,322.26,60,27,375,3767.38,777
21,Smartphone,Autumn,171.59,169.55,43,42,197,4266.42,861
21,Home_IoT,Autumn,259.66,309.94,56,91,264,644.51,940
21,Laptop,Autumn,245.14,283.14,64,69,253,1168.45,1001
21,Smartphone,Autumn,233.44,261.72,40,33,290,4368.39,700
21,Smartphone,Autumn,255.85,285.31,63,31,51,3794.34,738
21,Fashion,Autumn,251.26,293.12,60,45,500,4680.82,1010
21,Smartphone,Autumn,183.98,217.41,60,96,267,2464.91,1217
21,Home_IoT,Autumn,56.16,66.33,43,7,389,4159.71,1846
21,Fashion,Autumn,362.76,329.11,45,51,479,3969.78,767
21,Home_IoT,Autumn,131.49,111.51,28,77,181,1194.23,865
21,Home_IoT,Autumn,307.49,288.48,63,55,440,175.8,871
21,Laptop,Autumn,237.53,249.0,67,59,451,1782.79,1101
21,Smartphone,Autumn,225.23,204.86,59,70,218,2288.82,956
21,Laptop,Autumn,272.62,305.11,48,35,436,105.75,800
21,Fashion,Autumn,302.82,270.19,53,55,276,3709.98,746
22,Fashion,Autumn,307.61,294.89,64,100,200,3613.42,960
22,Fashion,Autumn,267.08,272.92,55,20,311,409.69,733
22,Smartphone,Autumn,307.06,373.22,59,9,398,2724.12,757
22,Fashion,Autumn,263.44,216.92,44,20,245,568.23,606
22,Home_IoT,Autumn,370.99,381.89,68,63,177,1500.34,757
22,Home_IoT,Autumn,307.54,320.72,48,33,368,387.42,691
22,Smartphone,Autumn,342.92,372.7,70,40,299,4009.13,767
22,Smartphone,Autumn,231.91,238.99,52,56,89,2436.87,798
22,Fashion,Autumn,342.44,363.29,67,24,89,2701.09,654
22,Home_IoT,Autumn,376.53,327.45,74,20,224,1505.88,685
22,Home_IoT,Autumn,177.47,162.31,49,90,200,2444.75,1054
22,Home_IoT,Autumn,302.35,249.3,59,38,477,4182.2,865
22,Laptop,Autumn,568.01,597.95,100,32,455,854.07,780
22,Laptop,Autumn,153.0,130.41,44,43,281,4850.58,988
22,Home_IoT,Autumn,293.39,252.62,49,87,377,728.14,919
22,Home_IoT,Autumn,357.38,325.05,80,95,250,4210.97,1000
22,Smartphone,Autumn,320.48,389.07,48,28,396,3251.28,695
22,Smartphone,Autumn,176.53,180.67,41,60,413,616.59,962
22,Home_IoT,Autumn,114.0,130.85,34,98,101,4015.85,1066
22,Smartphone,Autumn,168.63,195.49,44,71,246,3536.14,982
22,Home_IoT,Autumn,202.33,171.5,52,98,196,3141.03,1026
22,Smartphone,Autumn,436.36,457.89,79,59,350,872.49,834
22,Home_IoT,Autumn,356.22,388.24,75,21,370,3253.62,833
22,Home_IoT,Autumn,349.37,305.72,64,68,416,3987.1,939
22,Fashion,Autumn,276.93,279.34,53,98,457,869.89,1044
22,Smartphone,Autumn,211.72,249.05,27,24,248,1077.31,593
22,Fashion,Autumn,361.5,448.85,60,36,382,486.88,762
22,Smartphone,Autumn,219.36,181.97,38,53,471,2747.06,866
22,Fashion,Autumn,482.0,441.05,86,63,427,1822.83,876
22,Home_IoT,Autumn,342.01,390.91,66,93,283,3568.04,963
22,Fashion,Autumn,250.54,298.26,64,58,351,2160.58,986
22,Smartphone,Autumn,319.06,391.89,67,51,173,1598.6,762
22,Laptop,Autumn,238.21,268.24,50,69,352,1557.56,920
22,Smartphone,Autumn,481.44,467.99,81,12,481,2215.64,738
22,Laptop,Autumn,116.31,120.58,37,0,157,4044.0,855
22,Smartphone,Autumn,70.1,64.83,26,73,63,4667.07,1144
22,Fashion,Autumn,421.79,460.37,68,54,112,146.5,644
22,Laptop,Autumn,370.03,309.59,95,49,128,966.7,856
22,Laptop,Autumn,318.34,321.53,58,5,138,263.55,568
22,Home_IoT,Autumn,540.4,473.23,100,58,377,949.67,834
22,Fashion,Autumn,148.5,135.34,33,94,178,3226.19,967
22,Laptop,Autumn,298.29,275.37,67,36,287,4900.03,832
22,Laptop,Autumn,451.68,362.84,83,45,150,2591.03,707
22,Laptop,Autumn,154.76,189.62,52,97,304,3368.05,1287
22,Home_IoT,Autumn,258.24,234.51,59,25,160,2349.02,785
22,Fashion,Autumn,153.4,157.49,41,68,415,4151.01,1070
22,Smartphone,Autumn,267.72,326.88,41,2,137,4561.04,529
22,Fashion,Autumn,375.79,305.34,68,0,168,1233.28,614
22,Smartphone,Autumn,425.66,447.27,92,41,493,3713.18,943
22,Smartphone,Autumn,161.48,183.7,34,67,488,3467.0,981
23,Laptop,Autumn,138.9,138.66,28,26,241,4284.75,749
23,Fashion,Autumn,342.08,282.86,65,74,89,4443.0,775
23,Fashion,Autumn,148.92,153.45,41,47,443,4703.45,1044
23,Home_IoT,Autumn,249.74,222.17,53,14,317,2123.97,772
23,Smartphone,Autumn,344.76,394.02,71,83,108,2525.58,842
23,Home_IoT,Autumn,261.05,320.15,64,12,452,3834.24,880
23,Smartphone,Autumn,267.23,300.54,69,17,410,4706.39,907
23,Smartphone,Autumn,391.72,410.8,75,15,481,573.71,811
23,Laptop,Autumn,251.54,231.67,61,56,261,105.18,899
23,Fashion,Autumn,469.15,388.75,94,61,126,2758.44,786
23,Smartphone,Autumn,124.71,150.65,32,82,492,956.21,1095
23,Fashion,Autumn,419.24,385.43,85,90,495,3430.46,1047
23,Smartphone,Autumn,243.4,297.02,48,68,67,3831.76,785
23,Laptop,Autumn,347.42,389.56,67,24,241,4623.29,714
23,Smartphone,Autumn,222.3,230.68,44,68,147,634.36,778
23,Fashion,Autumn,488.01,599.14,98,34,391,1918.05,796
23,Laptop,Autumn,395.53,423.89,85,98,254,1494.63,946
23,Home_IoT,Autumn,252.12,226.86,53,19,83,3902.36,650
23,Home_IoT,Autumn,274.29,229.89,55,0,370,4038.13,722
23,Smartphone,Autumn,326.8,269.14,61,94,283,3914.24,946
23,Laptop,Autumn,347.68,357.7,65,67,175,1164.51,792
23,Laptop,Autumn,315.38,364.78,70,8,178,934.54,662
23,Home_IoT,Autumn,354.63,372.21,75,24,357,4508.16,805
23,Fashion,Autumn,317.33,319.54,56,13,426,3034.87,741
23,Home_IoT,Autumn,308.54,381.14,67,84,388,1342.99,984
23,Laptop,Autumn,301.87,261.12,59,94,360,2210.33,1038
23,Laptop,Autumn,216.27,230.01,64,71,70,42.48,943
23,Laptop,Autumn,344.82,393.0,74,74,325,4775.88,945
23,Smartphone,Autumn,183.6,162.07,48,73,117,2884.68,921
23,Fashion,Autumn,252.48,245.89,45,89,376,2101.25,974
23,Home_IoT,Autumn,290.78,242.9,58,28,152,4406.29,697
23,Laptop,Autumn,254.97,246.48,53,71,478,2844.61,1004
23,Laptop,Autumn,280.69,309.07,54,6,340,2051.52,686
23,Laptop,Autumn,322.8,324.18,59,84,95,1508.31,776
23,Home_IoT,Autumn,358.16,407.25,75,24,406,1361.58,809
23,Home_IoT,Autumn,267.47,278.19,52,74,105,2981.97,808
23,Smartphone,Autumn,359.7,372.46,77,4,154,583.74,632
23,Home_IoT,Autumn,206.24,245.69,43,58,453,3820.48,957
23,Laptop,Autumn,294.65,262.19,64,6,186,1856.35,706
23,Home_IoT,Autumn,288.76,294.04,60,26,115,2704.14,661
23,Smartphone,Autumn,285.79,332.52,53,57,183,3464.39,801
23,Laptop,Autumn,282.2,310.31,67,24,94,2623.36,717
23,Smartphone,Autumn,255.13,308.22,39,25,77,2936.85,547
23,Smartphone,Autumn,272.54,278.69,47,44,257,4473.74,752
23,Smartphone,Autumn,177.06,213.25,51,1,386,4481.28,922
23,Fashion,Autumn,281.71,255.71,66,35,305,2089.84,841
23,Smartphone,Autumn,178.31,153.48,47,93,198,1480.88,995
23,Smartphone,Autumn,512.63,616.22,90,24,410,3783.95,744
23,Laptop,Autumn,344.07,298.79,77,52,364,651.59,922
23,Fashion,Autumn,188.21,197.6,51,83,187,2637.9,1027
24,Fashion,Winter,244.95,291.24,42,68,146,1546.84,713
24,Smartphone,Winter,166.21,192.07,41,72,279,1088.9,970
24,Laptop,Winter,404.98,426.38,75,35,268,3704.42,717
24,Smartphone,Winter,369.74,390.83,80,25,188,3726.99,752
24,Fashion,Winter,139.09,140.02,37,1,55,4089.82,697
24,Smartphone,Winter,389.82,329.14,71,38,51,1160.39,629
24,Home_IoT,Winter,387.68,459.66,72,21,217,2075.54,666
24,Fashion,Winter,197.05,226.12,47,75,291,377.64,937
24,Smartphone,Winter,336.69,359.66,55,1,420,448.26,637
24,Fashion,Winter,204.5,249.5,56,0,358,1722.98,846
24,Fashion,Winter,255.08,312.4,63,74,291,19.15,963
24,Fashion,Winter,324.92,359.24,63,87,346,370.37,930
24,Fashion,Winter,247.66,232.04,67,76,173,432.29,971
24,Fashion,Winter,346.41,302.7,77,72,198,1425.93,872
24,Fashion,Winter,308.54,262.5,54,30,118,4350.12,611
24,Home_IoT,Winter,244.9,277.12,66,96,416,2267.08,1151
24,Fashion,Winter,164.94,169.3,55,7,140,1579.68,893
24,Laptop,Winter,333.38,390.6,65,56,459,1517.52,933
24,Fashion,Winter,129.75,131.09,35,91,386,1427.9,1127
24,Smartphone,Winter,308.09,254.39,61,71,189,552.72,798
24,Fashion,Winter,210.13,209.07,57,6,234,3998.46,800
24,Laptop,Winter,352.89,405.22,83,30,327,260.36,807
24,Laptop,Winter,211.61,191.72,43,55,409,4662.52,919
24,Smartphone,Winter,483.6,599.11,71,21,385,4828.85,638
24,Home_IoT,Winter,317.14,281.86,69,67,367,1067.69,921
24,Laptop,Winter,467.11,563.73,85,61,370,782.65,849
24,Laptop,Winter,324.37,282.76,80,93,100,4840.11,930
24,Smartphone,Winter,100.03,90.23,27,74,248,4657.45,1023
24,Laptop,Winter,312.47,252.7,61,26,264,1635.03,696
24,Fashion,Winter,371.98,309.62,72,36,71,4545.03,679
24,Home_IoT,Winter,170.57,166.61,31,34,161,898.26,674
24,Home_IoT,Winter,262.42,283.15,61,49,77,1701.11,774
24,Fashion,Winter,335.93,297.9,56,27,143,955.53,589
24,Fashion,Winter,329.53,311.33,73,55,285,2327.43,890
24,Smartphone,Winter,196.04,170.01,51,84,294,2549.93,1066
24,Laptop,Winter,281.12,287.1,58,8,356,4481.18,761
24,Fashion,Winter,151.3,136.68,48,3,130,997.86,829
24,Smartphone,Winter,304.4,360.16,54,26,147,2415.33,621
24,Fashion,Winter,322.0,286.66,65,92,415,1076.8,990
24,Smartphone,Winter,292.78,315.3,51,16,334,2059.73,685
24,Smartphone,Winter,249.65,268.87,64,6,458,197.79,896
24,Fashion,Winter,263.8,249.09,43,95,232,467.6,866
24,Laptop,Winter,209.83,257.34,44,13,311,2375.85,763
24,Laptop,Winter,141.63,165.05,48,67,327,4335.76,1175
24,Laptop,Winter,281.24,296.66,55,40,85,3816.47,678
24,Laptop,Winter,251.51,251.77,52,45,246,35.48,790
24,Laptop,Winter,314.95,328.6,52,61,349,3386.5,820
24,Laptop,Winter,180.78,222.21,60,23,434,3210.55,1095
24,Fashion,Winter,225.78,266.23,49,95,463,1810.91,1067
24,Fashion,Winter,476.54,394.25,91,27,54,2066.71,590
